slug,name,productType
2-1-reusable-pet-hair-remover-brush-lint-roller-portable-effective-self-cleaning,2-in-1 Pet Hair Remover & Lint Roller,Pet Products
2-in-1-dog-paw-cleaner-cup-soft-pet-dog-foot-cleaning-washer-brush-cup-portable-,2-in-1 Dog Paw Cleaner Cup,Pet Products
2-in-1-self-cleaning-dog-brush-comb-with-spray-pets-grooming-hair-remover-combs-,2-in-1 Self-Cleaning Dog Brush with Spray,Pet Products
adjustable-pet-cat-dog-car-seat-belt-pet-seat-vehicle-dog-harness-lead-clip-safe,Adjustable Pet Car Seat Belt & Harness,Pet Products
anxiety-jacket-vest-summer-medical-treatment-to-calm-down-cat-clothes-dog-comfor,Pet Anxiety Relief Vest,Pet Products
auto-rotating-laser-funny-cat-toy,Auto-Rotating Laser Cat Toy,Pet Products
automatic-cat-teaser-kitty-laser-pen-light-laser-light-infrared-funny-pet-toy,Automatic Cat Laser Teaser Toy,Pet Products
automatic-drinking-fountain-cat-water-drinking-bowl-cat-water-bowl-water-bowl,Cat Automatic Water Fountain,Pet Products
automatic-explore-retractable-dog-leash-pet-traction-rope-5m-dog-retractable-tra,Retractable Dog Leash — 5M,Pet Products
automatic-laser-cat-pole-toy-led-red-laser-toy,Automatic LED Laser Cat Pole Toy,Pet Products
automatic-pet-cat-feeder-water-dispenser,Automatic Pet Feeder & Water Dispenser,Pet Products
bicycle-walking-dog-leash-dog-chain-loading-and-unloading-leash-dog-pet-supplies,Bicycle Dog Leash — Quick Release,Pet Products
breathable-dog-harness-with-small-sling-suitable-for-small-and-medium-sized-dogs,Breathable Dog Harness with Sling,Pet Products
calming-cat-beds-for-indoor-cats-fluffy-flower-cat-dog-bed-in-plush-teddy-sherpa,Calming Flower Cat Bed — Plush Donut,Pet Products
cat-catnip-teething-stick-raffia-pet-toy,Cat Catnip Teething Stick Toy,Pet Products
cat-hanging-bed-hanging-balcony-window-bedside,Cat Hanging Window Bed,Pet Products
cat-litter-mat-pet-solid-color-waterproof-cat-litter-mat-easy-clean-scatter-cont,Waterproof Cat Litter Mat,dropship-product
cat-nail-clippers,Cat Nail Clippers,Pet Products
cat-pet-nail-clipper,Cat Nail Clipper — Professional,Pet Products
cat-self-grooming-brush-pet-wall-rubbing-device,Cat Self-Grooming Wall Brush,Pet Products
cat-self-hey-toy-super-long-cat-tunnel,Cat Tunnel Toy — Extra Long,Pet Products
cat-tent-cat-cat-house-enclosed-pet-bed,Enclosed Cat Tent Bed,Pet Products
cat-treats-dispenser-cat-treat-dispenser-toy-catnip-cat-toy-cat-nips-spring-toy-,Cat Treat Dispenser & Spring Toy,dropship-product
cat-water-fountain-filter-circulating-flowing-live-water-pet-water-dispenser-inte,Cat Water Fountain with Filter,dropship-product
cat-window-chuck-hammock,Cat Window Hammock,Pet Products
creative-cat-pet-led-laser-funny-toy-smart-automatic-cat-exercise-training-enter,Smart LED Cat Laser Toy,Pet Products
dadypet-pet-dog-hair-dryer-grooming-dryer-slicker-brush,Pet Hair Dryer & Slicker Brush,dropship-product
dog-brush-self-cleaning-slicker-pets-grooming-dryer-slicker-brush,Self-Cleaning Dog Slicker Brush,Pet Products
dog-car-mat-pet-car-mats-trunk-rear-seat,Dog Car Mat — Trunk & Rear Seat Cover,Pet Products
dog-detection-urine-pad,Dog Training Urine Pad,Pet Products
dog-double-bowls-stainless-stand-adjustable-height-pets-feeding-dish-bowl-big-do,Elevated Double Dog Bowl — Stainless Steel,dropship-product
dog-grooming-comb-comfortable-pet-small-lice-flea-combs-universal-shedding-brush,Dog Grooming & Detangling Comb,Pet Products
dog-harness-no-pull-breathable-reflective-pet-harness-vest,No-Pull Breathable Dog Harness Vest,Pet Products
dog-large-dog-raincoat-pet-jacket,Dog Raincoat Jacket,Pet Products
dog-life-vest-summer-shark-pet-life-jacket,Dog Life Jacket — Shark Design,Pet Products
dog-paw-print-pet-mattress,Dog Paw Print Pet Mattress,Pet Products
dog-portable-water-bottle-foldable-pet-water-dispenser-pet-products,Portable Foldable Dog Water Bottle,dropship-product
dog-puzzle-feeder-interactive-pet-food-treat-dispenser-cartoon-duck-design-anti-,Interactive Dog Puzzle Feeder — Duck Design,Pet Products
dog-puzzle-toys-increase-iq-interactive-slow-dispensing-feeding-dog-training-gam,Interactive Dog Puzzle & Training Toy,Pet Products
dog-ramp,Dog Ramp,Pet Products
dog-running-harness,Dog Running Harness,Pet Products
dog-slow-food-bite-resistant-leakage-food-feeder-dinosaur-egg-bite-dog-toy,Dog Slow Feeder Toy — Dinosaur Egg,Pet Products
dog-sniffing-mat-dog-puzzle-toy-pet-snack-feeding-mat-boring-interactive-game,Dog Snuffle Mat — Interactive Puzzle,Pet Products
double-layer-litter-cat-bed-pads-pet-cat-litter-mat-trapping-pets-litter-box-mat,Double Layer Cat Litter Trapping Mat,Pet Products
foldable-pet-bath-tub-dog-cat-outdoor-foldable-bath-swimming-pool-bathtub-wash-t,Foldable Pet Bath Tub,Pet Products
fluffy-donut-dog-bed-warm-soft-long-plush-pet-cushion-dog-house-cat-bed-washable,Fluffy Donut Dog & Cat Bed — Plush Washable,Pet Products
gravity-fed-pet-water-bottle-gravity-fed-pet-water-dispenser-2-8l-cat-dog-drinki,Gravity Pet Water Dispenser — 2.8L,Pet Products
grooming-hammock-dog-cat-grooming-hammock-restraint-bag,Pet Grooming Hammock & Restraint Bag,Pet Products
high-quality-cat-house-beds-kittens-pet-cats-sofa-mats-cozy-bed-toy-dog-for-smal,Cozy Cat Cave Bed,Pet Products
household-dog-teddy-pet-hair-dryer-grooming-products,Pet Hair Dryer — Grooming,dropship-product
ihrtrade-tactical-dog-harness-molle-system-vest-adjustable-military,Tactical MOLLE Dog Harness — Military Style,dropship-product
intelligent-interactive-laser-cat-toy-automatic-pet-cat-infrared-laser,Intelligent Interactive Cat Laser Toy,Pet Products
interactive-cat-toy-puzzle-toy-pet-slow-feeder-for-bored-indoor-cat-small-medium,Interactive Cat Puzzle & Slow Feeder,Pet Products
led-laser-cat-toy,LED Laser Cat Toy,Pet Products
leather-dog-with-black-spikes-in-a-large-dog-collar,Spiked Leather Dog Collar,Pet Products
lint-roller-hair-remover-ball-reusable-gel-lint-roller-for-pet-hair-upgrading-re,Reusable Gel Pet Hair Lint Roller,dropship-product
macrame-hanging-pet-bed-macrame-cat-hammock-wall-hanging-cat-hammock-macrame-cat-,Macrame Hanging Cat Hammock,Pet Products
military-tactical-dog-harness-service-working-pet-dog,Military Tactical Dog Harness,dropship-product
mini-electric-dog-nail-grinder-rechargeable-professional-pet-nail-trimmer,Rechargeable Dog Nail Grinder,Pet Products
natural-rubber-chew-toy-suitable-for-aggressive-dogs---durable-and-long-lasting-,Natural Rubber Dog Chew Toy — Durable,Pet Products
new-dog-harness-and-leash-set-woven-fabric-cat-and-puppy-vest-harness-leads-to-s,Woven Fabric Dog & Cat Harness Set,Pet Products
new-pet-hair-roller-remover-lint-brush-2-way-dog-cat-comb-tool-convenient-cleani,2-Way Pet Hair Roller & Lint Brush,Pet Products
nylon-poop-bag-dogs-waste-bags-portable-pet-dog-poop-dispenser-holder-bags-pets-,Dog Poop Bag Dispenser — Portable,Pet Products
pet-automatic-smart-cat-toy-usb-charging-mouse-tease-electronic-cat-toy-interaci,Smart Automatic Cat Mouse Toy — USB Charging,Pet Products
pet-cat-litter-mat-pet-supplies-eva-double-cat-litter-mat,EVA Double-Layer Cat Litter Mat,Pet Products
pet-dog-water-bottle-feeder-bowl-portable-water-food-bottle-pets-outdoor-travel-,Portable Dog Water Bottle & Bowl,Pet Products
pet-hair-cleaner-carpet-household-floor-brush-wiper,Pet Hair Cleaner Floor Brush,Pet Products
pet-nail-polisher-electric-dog-nail-grinder-professional-recharge-paws-grooming-s,Electric Pet Nail Polisher & Grinder,Pet Products
pet-soothing-calming-collar-cat,Pet Calming Collar — Cat,Pet Products
pet-water-dispenser-intelligent-automatic-circulating-filter-water-dispenser,Smart Pet Water Fountain — Auto Circulating,Pet Products
pets-dog-cat-baby-safety-gate-mesh-fence-magic-portable-guard-net-stairs-doors,Portable Pet Safety Gate — Mesh,Pet Products
pets-dog-vest-chest-strap-harness-air-conditioner-cooling-and-breathable-with-air,Cooling Dog Harness Vest,Pet Products
plush-round-pet-bed-dog-bed-winter,Plush Round Pet Bed — Winter,Pet Products
portable-cat-dog-water-bottle-food-feeder-drinker-poop-dispenser-3-in-1-leak-pro,3-in-1 Pet Water Bottle & Poop Dispenser,Pet Products
portable-dog-bowl-pet-floating-bowl-splash-proof,Portable Dog Floating Bowl — Splash-Proof,Pet Products
portable-lightweight-dog-pooper-scooper-with-built-in-poop-bag-dispenser-eight-c,Dog Pooper Scooper with Bag Dispenser,Pet Products
portable-pet-paw-cleaner-cup-soft-silicone-comb,Portable Pet Paw Cleaner — Silicone,Pet Products
portable-silicone-double-dog-food-bowls-foldable-non-slip-cat-bowl-pet-travel-an,Foldable Silicone Travel Dog Bowl — Double,Pet Products
removable-plastic-integrated-cat-litter-scoop-set,Cat Litter Scoop Set — Removable,Pet Products
rhinestone-bling-leather-dog-cat-collar-leash,Rhinestone Leather Dog & Cat Collar Set,Pet Products
semi-enclosed-pet-bed,Semi-Enclosed Pet Bed,Pet Products
shiba-inu-paw-cleaner,Shiba Inu Paw Cleaner,Pet Products
shoulder-pet-bag-outdoor-carrier-messenger-bag-pet-backpack,Pet Carrier Shoulder Bag,Pet Products
silicone-dog-bath-massage-gloves-brush-pet-cat-bathroom-cleaning-tool-comb-brush,Silicone Pet Bath Massage Glove,Pet Products
snuffle-mat-for-small-large-dogs-nosework-feeding-mat-easy-to-fill-and-machine-w,Dog Snuffle Mat — Nosework Training,Pet Products
soft-silicone-bristles-cat-dog-bath-brush-comb-scrubber-shampoo-dispenser-for-pe,Pet Bath Brush with Shampoo Dispenser,Pet Products
stainless-double-sided-pet-brush-hair-removal-comb-grooming-dematting-dog-groomi,Double-Sided Pet Dematting Brush,Pet Products
stainless-steel-dog-bowl-upright-dog-bowl,Stainless Steel Upright Dog Bowl,Pet Products
summer-cooling-pet-sleeping-ice-silk-mat,Summer Cooling Pet Mat — Ice Silk,Pet Products
summer-pet-dog-cooling-vest-heat-resistant-cool-dogs-clothes-breathable-sun-proo,Summer Dog Cooling Vest — Breathable,Pet Products
swim-pet-dog-life-jacket-vest-clothes-life-vest-collar-harness-pets-swimming-sum,Dog Life Jacket — Shark Swim Vest,Pet Products
the-mellow-dog-calming-ball-mellow-dog-tennis-ball-mellow-dog-emotional-support-,Dog Calming & Emotional Support Ball,Pet Products
waterproof-dog-shoes-adjustable-dog-boots-pet-breathbale-shoes-for-outdoor-walki,Waterproof Adjustable Dog Boots,Pet Products
waterproof-pet-cat-litter-mat-eva-double-layer-cat-litter-trapping-pet-litter-ca,Double-Layer Cat Litter Mat — Waterproof EVA,Pet Products
waterproof-reflective-dog-raincoat,Waterproof Reflective Dog Raincoat,Pet Products
wear-resistant-cat-scratching-post,Cat Scratching Post — Wear Resistant,Pet Products
window-sill-cat-hammock,Window Sill Cat Hammock,Pet Products
